"log_id","reason","resource","role","status","timestamp","tool","user"
"388f8417-68e4-42ca-a607-3bcc8ac1a3df","null","customers/1004","admin","ALLOWED","2026-07-19T14:41:28.524252Z","UPDATE_CUSTOMER","admin"
"77457f00-97f7-4661-b2e8-f03484ca464d","null","customers?account_status=active&country=India&membership=Gold","support_agent","ALLOWED","2026-07-19T13:34:02.388631Z","GET_CUSTOMER","lakshita"
"1fc8ac11-a608-4a84-9763-984d31382790","null","customers/1001","support_agent","ALLOWED","2026-07-19T12:44:39.521376Z","GET_CUSTOMER","lakshita"
"75c66fbb-ea76-46c5-ada5-44531f678565","Role does not have permission","customers/1004","support_agent","DENIED","2026-07-19T14:59:59.167442Z","DELETE_CUSTOMER","support"
"451e41ee-92cd-4010-82f3-9c92e64ac3b2","null","customers/1005","admin","ALLOWED","2026-07-20T03:09:28.575349Z","DELETE_CUSTOMER","admin"
"a8129085-e5dc-4ed5-af42-a6ce0be9a535","null","customers/1001","admin","ALLOWED","2026-07-20T02:45:31.018657Z","GET_CUSTOMER","admin"
"db63d2d3-e88b-4847-944d-22a14bb3bebc","Role does not have permission","1001","support_agent","DENIED","2026-07-19T11:24:43.475500Z","DELETE_CUSTOMER","lakshita"
"ec2459fa-f6d8-46d7-a9a0-f722d0851149","Role does not have permission","customers/1004","support_agent","DENIED","2026-07-19T16:26:36.432890Z","DELETE_CUSTOMER","support"
"1f78aed5-0228-46b7-967c-111304c1db5d","null","customers/1004","sales_agent","ALLOWED","2026-07-19T14:50:14.549338Z","UPDATE_CUSTOMER","sales"
"4ba5773b-f495-49b9-bb19-b59d625ed260","Role does not have permission","customers/1003","support_agent","DENIED","2026-07-20T03:10:00.756276Z","UPDATE_CUSTOMER","support"
"38ed973d-fb95-4ca3-821a-21408639afbe","null","customers?occupation=Software Engineer","support_agent","ALLOWED","2026-07-19T13:34:15.525146Z","GET_CUSTOMER","lakshita"
"a40945c4-f155-4097-83df-3ef507cc9cd2","null","customers/1001","support_agent","ALLOWED","2026-07-19T12:42:18.279759Z","GET_CUSTOMER","lakshita"
"0e4f1077-1b2d-4d94-8c88-f2495536ac67","null","customers/1002","support_agent","ALLOWED","2026-07-20T03:11:10.875302Z","GET_CUSTOMER","support"
"02c96f86-728a-4fcd-a473-538299c91e32","CRM returned 401","customers/1001","support_agent","FAILED","2026-07-19T18:07:44.811714Z","GET_CUSTOMER","support"
"ef09a0d3-9e14-4f2a-8d4c-fbc6798bb445","Role does not have permission","customers/1002","support_agent","DENIED","2026-07-20T03:11:58.763194Z","DELETE_CUSTOMER","support"
"c8ce0fba-f72e-445d-8f3c-7f3c85d83bb6","Role does not have permission","customers/1004","manager","DENIED","2026-07-19T17:12:21.165468Z","UPDATE_CUSTOMER","manager"
"5c31aa68-b592-4d2b-86b7-fbc2b27dc326","null","customers/1009","support_agent","ALLOWED","2026-07-20T03:10:51.774482Z","GET_CUSTOMER","support"
"ed319c03-2c91-442a-adf5-98044952f6fb","null","customers/1009","support_agent","ALLOWED","2026-07-19T14:26:51.814688Z","GET_CUSTOMER","support"
"915063ca-2bde-4aeb-a327-c5f89396c49c","Role does not have permission","customers/1004","manager","DENIED","2026-07-19T14:42:00.398708Z","UPDATE_CUSTOMER","manager"
"07270bad-0d03-4719-a4cc-237488f9466e","null","1001","support_agent","ALLOWED","2026-07-19T11:42:27.391136Z","GET_CUSTOMER","lakshita"
"2e9cd232-b6c6-4361-a1e7-e09cbeb2e6c7","Role does not have permission","customers/1004","support_agent","DENIED","2026-07-19T14:37:21.296030Z","DELETE_CUSTOMER","support"
"074d079a-abe4-412f-b74a-a3391c525933","null","1001","support_agent","ALLOWED","2026-07-19T11:16:23.155457Z","GET_CUSTOMER","lakshita"
"cefecc49-afe0-4605-9486-4d1c13b2f1ad","null","customers/1001","support_agent","ALLOWED","2026-07-20T02:46:18.157045Z","GET_CUSTOMER","support"
"0cc3fee7-b1db-4d8d-9bca-8db55e266126","null","customers/1001","support_agent","ALLOWED","2026-07-20T02:46:07.895243Z","GET_CUSTOMER","support"
"6c4346be-cfc8-4369-b42b-a9d362bebbe4","Role does not have permission","customers/1004","support_agent","DENIED","2026-07-19T14:37:37.917836Z","DELETE_CUSTOMER","support"
"60da90f1-d2e0-4dc3-9fb8-c6875a1b97e6","null","customers/1003","support_agent","ALLOWED","2026-07-20T03:10:57.392841Z","GET_CUSTOMER","support"
"49137766-3c01-4cd4-ad10-f60661b9b2e0","Role does not have permission","customers/1004","support_agent","DENIED","2026-07-20T03:09:36.754533Z","DELETE_CUSTOMER","support"
"68e76d58-14c8-4e74-b5b2-7ea44909a8b4","null","customers?account_status=active&country=India","support_agent","ALLOWED","2026-07-19T13:33:44.682060Z","GET_CUSTOMER","lakshita"
"5345c6d5-a7bd-4e1d-b6be-87d692aa2737","Role does not have permission","customers/1004","support_agent","DENIED","2026-07-19T15:01:06.642987Z","DELETE_CUSTOMER","support"
"baab84d0-0e5a-4936-bf21-6659c6a448c8","null","customers/1004","support_agent","ALLOWED","2026-07-19T14:23:32.012094Z","GET_CUSTOMER","support"
"656fdabc-9c94-40c2-967c-4cb5cf3a94d4","Role does not have permission","customers/1004","manager","DENIED","2026-07-19T14:40:38.194466Z","UPDATE_CUSTOMER","manager"
"753de620-0fd7-45f1-9331-ac870acb9af7","null","customers/1004","admin","ALLOWED","2026-07-19T14:44:32.458700Z","DELETE_CUSTOMER","admin"
"a88a9c8f-0067-41a3-a6c0-ee4dd186a719","Role does not have permission","customers/1002","support_agent","DENIED","2026-07-20T03:12:05.261008Z","DELETE_CUSTOMER","support"
"1fc33515-222a-46fd-8abd-3c75772e70e0","null","customers/1002","admin","ALLOWED","2026-07-20T03:11:17.113558Z","GET_CUSTOMER","admin"
"b149ee0b-e3e8-4ca3-a31d-1415925a4db9","null","customers/1004","support_agent","ALLOWED","2026-07-19T14:26:11.433789Z","GET_CUSTOMER","support"
"a16e4664-0c42-48c9-b699-7f7ef181594f","null","customers/1002","admin","ALLOWED","2026-07-20T03:09:13.696887Z","GET_CUSTOMER","admin"
"1711d46a-3c1f-4781-b249-34f9e8f4539d","Role does not have permission","customers/1004","manager","DENIED","2026-07-19T14:39:12.733518Z","DELETE_CUSTOMER","manager"
"444631f3-834c-4cee-a848-e3dbe6538acb","CRM returned 404","customers/1005","support_agent","FAILED","2026-07-20T03:11:05.433711Z","GET_CUSTOMER","support"
"89fc2d3f-0274-4332-a9ba-57bb626507de","Role does not have permission","customers/1002","support_agent","DENIED","2026-07-20T03:12:01.099252Z","DELETE_CUSTOMER","support"
"b1736850-1eff-4134-ac86-0bd8d9735d65","Role does not have permission","customers/1002","support_agent","DENIED","2026-07-20T03:12:03.301656Z","DELETE_CUSTOMER","support"
"71ece3e6-3cca-4b73-830c-dada975ccd49","Role does not have permission","1001","support_agent","DENIED","2026-07-19T11:24:54.980189Z","DELETE_CUSTOMER","lakshita"
"b7db0e65-3897-4e3e-bd76-71d9c4e7c6d8","null","customers?occupation=Doctor","support_agent","ALLOWED","2026-07-19T13:37:10.221882Z","GET_CUSTOMER","lakshita"
"2363d324-c515-4da8-84c8-4df8bc88cd53","null","customers/1003","sales_agent","ALLOWED","2026-07-20T03:10:17.534487Z","UPDATE_CUSTOMER","sales"
"4259ad26-6696-4e61-9e18-6074dd014643","null","customers/1004","support_agent","ALLOWED","2026-07-19T14:28:19.638429Z","GET_CUSTOMER","support"
"b21d2f39-59ec-4f70-9bdf-dc5e0a042f0c","null","customers/1001","admin","ALLOWED","2026-07-20T02:37:49.551060Z","GET_CUSTOMER","admin"
"ccb6087f-cf9f-412f-b123-48c784f2ab0a","Role does not have permission","customers/1004","support_agent","DENIED","2026-07-19T15:01:03.818250Z","DELETE_CUSTOMER","support"
"a098eb70-d42b-4c81-808c-f111146ba33a","Role does not have permission","1001","support_agent","DENIED","2026-07-19T11:29:54.479133Z","DELETE_CUSTOMER","lakshita"
"f5923b73-d590-46ad-a85d-347acf01da7e","CRM returned 401","customers/1001","admin","FAILED","2026-07-20T02:15:40.629398Z","GET_CUSTOMER","admin"
"c286358e-54cf-45fd-ad75-b83c4301d311","null","customers/1003","support_agent","ALLOWED","2026-07-19T14:23:21.754417Z","GET_CUSTOMER","support"
"2ba10b2c-a34b-4d24-8871-471990b6d0c2","null","customers/1001","support_agent","ALLOWED","2026-07-19T13:02:22.730227Z","GET_CUSTOMER","lakshita"
"108dcd46-70a3-4ae7-b212-939a6390d189","null","customers/1001","support_agent","ALLOWED","2026-07-20T04:21:32.930580Z","GET_CUSTOMER","support"
"da7c4f1c-de6f-4d06-af27-7540b31b241d","Role does not have permission","customers/1004","sales_agent","DENIED","2026-07-20T03:09:41.775841Z","DELETE_CUSTOMER","sales"
"ca59e810-4a9a-419f-8e0a-f6ec8010a79e","Role does not have permission","customers/1004","support_agent","DENIED","2026-07-19T15:01:09.158318Z","DELETE_CUSTOMER","support"
"8b9aa58d-3fa6-4c33-bdb7-9763cbea0fad","Role does not have permission","customers/1009","support_agent","DENIED","2026-07-19T14:37:31.767149Z","UPDATE_CUSTOMER","support"
"f7b656f5-84b7-43f0-af9d-aeee777e3f0d","Role does not have permission","customers/1003","support_agent","DENIED","2026-07-20T03:10:14.411086Z","UPDATE_CUSTOMER","support"
"b27e4f7c-3291-454a-aff9-83af5dea5483","null","customers?membership=Gold","support_agent","ALLOWED","2026-07-19T13:32:46.946621Z","GET_CUSTOMER","lakshita"
"1b3aa27a-bd29-4d83-b8e7-593b1b3c2dbc","Role does not have permission","1001","support_agent","DENIED","2026-07-19T11:29:05.237409Z","DELETE_CUSTOMER","lakshita"
"e163a497-8633-4709-b761-2a16b20b71d9","Role does not have permission","1001","support_agent","DENIED","2026-07-19T11:24:49.205733Z","DELETE_CUSTOMER","lakshita"
"eaf111c8-fa77-4a91-a48f-f5989c253f39","Role does not have permission","customers/1004","manager","DENIED","2026-07-19T17:12:13.787032Z","UPDATE_CUSTOMER","manager"